id,first_name,last_name,email,gender,ip_address
1,Dur,Rubinowitch,drubinowitch0@about.com,Male,38.51.10.193
2,Idalia,Quantrill,iquantrill1@hibu.com,Female,89.131.122.129
3,Goddard,Langeren,glangeren2@youku.com,Male,14.160.127.178
4,Clayborn,Antognetti,cantognetti3@diigo.com,Male,247.131.36.211
5,Sean,Pennington,spennington4@spotify.com,Male,61.219.186.212
6,Karoly,Smurthwaite,ksmurthwaite5@alexa.com,Male,106.160.175.214
7,Kellia,Rubenovic,krubenovic6@de.vu,Genderfluid,153.191.216.22
8,Thibaud,Delacourt,tdelacourt7@blogger.com,Agender,26.155.218.217
9,Carling,Jako,cjako8@plala.or.jp,Male,90.100.222.108
10,Ruthie,Elnor,relnor9@facebook.com,Female,145.213.238.58
11,Roger,Axcel,raxcela@webs.com,Male,27.19.171.161
12,Alisun,Wankling,awanklingb@spiegel.de,Female,71.16.221.9
13,Katrine,Quinnelly,kquinnellyc@omniture.com,Female,43.213.196.77
14,Kay,MacAlester,kmacalesterd@phoca.cz,Female,226.147.196.175
15,Truda,Town,ttowne@histats.com,Female,139.12.28.19
16,Britt,Agdahl,bagdahlf@prweb.com,Female,68.80.112.131
17,Willis,Armitage,warmitageg@google.fr,Male,109.68.97.111
18,Leeann,Walne,lwalneh@drupal.org,Female,171.143.161.2
19,Kore,Garrie,kgarriei@wsj.com,Female,39.74.77.2
20,Hillyer,Capineer,hcapineerj@shareasale.com,Male,145.181.151.201
21,Bridget,Tompsett,btompsettk@oaic.gov.au,Female,128.240.76.5
22,Tory,Antonias,tantoniasl@cafepress.com,Female,169.3.250.169
23,Ronalda,Rocks,rrocksm@usnews.com,Female,47.4.158.50
24,Callean,Lisimore,clisimoren@gov.uk,Male,141.165.251.85
25,Sheffy,Cornely,scornelyo@soup.io,Male,162.226.174.2
26,Ettie,Jago,ejagop@hp.com,Female,208.170.183.111
27,Chrysler,Schonfeld,cschonfeldq@ameblo.jp,Female,2.243.151.67
28,Orland,Melding,omeldingr@fema.gov,Male,130.241.82.33
29,Alyce,Mountlow,amountlows@surveymonkey.com,Female,236.3.121.12
30,Laird,Bartalot,lbartalott@webeden.co.uk,Polygender,86.35.230.80
31,Amelia,Walsh,awalshu@webs.com,Female,147.84.192.95
32,Zsa zsa,Morey,zmoreyv@yale.edu,Female,228.105.252.58
33,Wandis,Seiler,wseilerw@parallels.com,Female,138.36.62.236
34,Adeline,Giacobini,agiacobinix@washington.edu,Female,214.27.47.74
35,Fredelia,Thorns,fthornsy@bing.com,Female,253.10.23.64
36,Tonia,Scutts,tscuttsz@booking.com,Female,244.151.87.201
37,Clerissa,Erley,cerley10@sitemeter.com,Female,89.67.45.31
38,Agace,Piller,apiller11@wordpress.com,Female,246.89.246.57
39,Vinnie,Pretsell,vpretsell12@ifeng.com,Female,228.175.196.155
40,Nigel,Winfindale,nwinfindale13@pinterest.com,Male,1.91.19.177
41,Jethro,Olrenshaw,jolrenshaw14@alibaba.com,Male,211.181.33.104
42,Theodosia,Ginie,tginie15@ca.gov,Female,230.165.52.4
43,Mickey,Horstead,mhorstead16@nsw.gov.au,Male,101.179.204.48
44,Gherardo,Gatlin,ggatlin17@geocities.com,Male,243.184.31.217
45,Lynnelle,Rubanenko,lrubanenko18@google.de,Polygender,25.207.207.39
46,Alistair,Priscott,apriscott19@soup.io,Male,83.103.176.174
47,Benedetta,Kinchley,bkinchley1a@columbia.edu,Female,147.148.42.160
48,Bruis,Dupre,bdupre1b@phpbb.com,Male,75.212.206.213
49,Saxon,Ziems,sziems1c@bbb.org,Male,186.184.93.170
50,Fields,Hesey,fhesey1d@sina.com.cn,Male,137.41.146.7
51,Verney,Minchin,vminchin1e@slate.com,Male,17.226.144.215
52,Laverna,Apfel,lapfel1f@blogs.com,Female,33.140.36.117
53,Townie,Dulwich,tdulwich1g@tiny.cc,Polygender,228.103.120.149
54,Tobe,Widdecombe,twiddecombe1h@upenn.edu,Male,146.190.156.138
55,Corri,Faires,cfaires1i@bizjournals.com,Female,148.252.39.20
56,Markus,Burl,mburl1j@mediafire.com,Male,129.48.217.182
57,Sky,Towlson,stowlson1k@hud.gov,Male,88.134.13.13
58,Jacquie,Aust,jaust1l@netlog.com,Female,18.246.235.203
59,Minor,Toppes,mtoppes1m@washington.edu,Male,149.171.167.178
60,Maxine,Blodg,mblodg1n@scientificamerican.com,Female,6.221.130.131
61,Abbe,Ferrige,aferrige1o@usgs.gov,Male,146.68.180.237
62,Lindsy,McMeanma,lmcmeanma1p@newyorker.com,Female,198.65.4.229
63,Tadio,Tatham,ttatham1q@jimdo.com,Male,167.134.202.118
64,Flin,Haseman,fhaseman1r@sphinn.com,Male,23.169.3.38
65,Kin,Cona,kcona1s@ask.com,Male,77.27.228.244
66,Lazare,Holcroft,lholcroft1t@skyrock.com,Male,167.79.186.90
67,Britte,Marshfield,bmarshfield1u@goo.ne.jp,Genderqueer,186.210.219.168
68,Jone,Antonucci,jantonucci1v@columbia.edu,Male,88.130.10.198
69,Kristina,Strang,kstrang1w@tinyurl.com,Agender,127.158.188.172
70,Theodora,Shambrooke,tshambrooke1x@people.com.cn,Bigender,100.176.84.254
71,Curtice,Hulbert,chulbert1y@netlog.com,Male,139.115.241.58
72,Consolata,Verne,cverne1z@mysql.com,Polygender,108.71.151.107
73,Granville,Andri,gandri20@histats.com,Male,115.137.250.242
74,Katusha,Sargood,ksargood21@dot.gov,Female,46.248.86.253
75,Sapphire,Sabberton,ssabberton22@dailymotion.com,Female,28.162.46.7
76,Terra,Petranek,tpetranek23@comcast.net,Female,42.37.146.112
77,Mallorie,Hynde,mhynde24@macromedia.com,Female,112.117.125.184
78,Abramo,Geockle,ageockle25@webnode.com,Male,171.129.4.187
79,Archer,Stidworthy,astidworthy26@nytimes.com,Male,26.38.58.147
80,Nichol,Skeates,nskeates27@japanpost.jp,Female,154.151.86.71
81,Germain,Mallindine,gmallindine28@flavors.me,Male,119.166.221.9
82,Gerardo,Gencke,ggencke29@google.it,Male,37.191.181.151
83,Candis,Yitzhakov,cyitzhakov2a@census.gov,Female,248.80.119.255
84,Antonina,Tzarkov,atzarkov2b@aboutads.info,Female,213.68.240.24
85,Cacilia,Exley,cexley2c@symantec.com,Female,42.219.134.210
86,Anastasia,Dewberry,adewberry2d@cbsnews.com,Female,208.36.107.203
87,Kippie,Laviste,klaviste2e@princeton.edu,Male,59.132.239.21
88,Eulalie,Sedgemore,esedgemore2f@nsw.gov.au,Female,95.216.204.253
89,Jermayne,Hansford,jhansford2g@sohu.com,Genderfluid,174.160.68.182
90,Trev,Anstee,tanstee2h@cafepress.com,Male,28.12.142.135
91,Haley,Grimsdith,hgrimsdith2i@ca.gov,Female,162.227.238.214
92,Rona,Eller,reller2j@ovh.net,Female,84.67.209.198
93,Mag,Kick,mkick2k@soundcloud.com,Female,23.116.107.214
94,Humfrid,Paris,hparis2l@tinypic.com,Male,137.22.245.196
95,Baxter,Leates,bleates2m@ezinearticles.com,Male,197.169.1.167
96,Debra,Toller,dtoller2n@bloglines.com,Female,205.239.173.88
97,Rubin,Digan,rdigan2o@timesonline.co.uk,Male,255.117.16.36
98,Alaine,Gier,agier2p@reverbnation.com,Non-binary,196.220.246.148
99,Siouxie,Antonoczyk,santonoczyk2q@imageshack.us,Female,82.62.210.196
100,Ashli,Blastock,ablastock2r@vkontakte.ru,Female,175.173.80.170
101,Byrann,Triplow,btriplow2s@si.edu,Male,134.136.164.112
102,Merrel,Durrell,mdurrell2t@themeforest.net,Male,149.106.59.150
103,Kylynn,Magnay,kmagnay2u@163.com,Female,231.0.120.67
104,Dre,Bleddon,dbleddon2v@acquirethisname.com,Genderqueer,149.51.202.225
105,Howard,Ramsdale,hramsdale2w@go.com,Polygender,5.18.100.50
106,Steve,Renals,srenals2x@uol.com.br,Male,131.45.217.239
107,Daren,Borgars,dborgars2y@craigslist.org,Male,235.100.194.32
108,Dev,Rosendorf,drosendorf2z@ucoz.com,Male,44.190.56.14
109,Audra,Turfin,aturfin30@mapy.cz,Female,224.198.131.131
110,Burch,Pennone,bpennone31@123-reg.co.uk,Male,24.218.179.90
111,Tamar,Tremathick,ttremathick32@eepurl.com,Female,152.75.130.36
112,Percival,Catchpole,pcatchpole33@webs.com,Male,72.116.236.60
113,Kingston,Butcher,kbutcher34@yelp.com,Male,173.131.171.143
114,Salmon,Willmetts,swillmetts35@biglobe.ne.jp,Male,94.79.77.89
115,Regen,Winyard,rwinyard36@economist.com,Male,61.182.41.157
116,Ainslee,Werny,awerny37@zimbio.com,Female,175.62.54.130
117,Pandora,Shewry,pshewry38@sitemeter.com,Female,183.73.135.158
118,Mag,Wittier,mwittier39@netlog.com,Female,23.177.132.93
119,Ogden,Langford,olangford3a@blog.com,Male,26.47.214.183
120,Marylinda,Fice,mfice3b@jugem.jp,Female,99.79.190.56
121,Stephenie,Silwood,ssilwood3c@google.de,Female,16.39.90.255
122,Pearce,Greenall,pgreenall3d@wisc.edu,Male,190.106.62.234
123,Dawna,Marchment,dmarchment3e@google.com,Bigender,228.0.167.179
124,Paco,Hanhart,phanhart3f@wsj.com,Male,230.209.1.181
125,Sheridan,Vickar,svickar3g@cbc.ca,Male,163.168.91.27
126,Astra,O'Doireidh,aodoireidh3h@usatoday.com,Female,70.19.128.215
127,Hubey,Prevost,hprevost3i@hubpages.com,Male,32.106.168.54
128,Sarita,Abella,sabella3j@sitemeter.com,Female,212.90.49.43
129,Arlette,Domenichelli,adomenichelli3k@google.pl,Female,36.99.130.138
130,Giffie,Slight,gslight3l@mail.ru,Male,125.254.209.121
131,Clemmie,Jizhaki,cjizhaki3m@google.co.jp,Female,166.176.69.12
132,Crin,Garron,cgarron3n@ebay.com,Female,41.12.156.14
133,Thedric,Clutten,tclutten3o@howstuffworks.com,Male,62.226.213.213
134,Major,Sheraton,msheraton3p@nyu.edu,Male,36.126.179.238
135,Hamel,Kingsford,hkingsford3q@globo.com,Male,127.186.215.164
136,Chevalier,Allbones,callbones3r@bloglovin.com,Male,144.96.24.239
137,Antony,Pessler,apessler3s@amazon.co.jp,Male,42.160.227.119
138,Tibold,Diggles,tdiggles3t@taobao.com,Male,144.80.58.63
139,Malinda,Hardie,mhardie3u@webmd.com,Female,86.247.253.49
140,Rasla,Gallen,rgallen3v@vinaora.com,Female,39.77.241.158
141,Neile,Switzer,nswitzer3w@typepad.com,Female,111.14.39.233
142,Lorant,Burstowe,lburstowe3x@vistaprint.com,Male,103.43.2.96
143,Zacharia,Durie,zdurie3y@slideshare.net,Male,157.163.253.161
144,Grove,Bodemeaid,gbodemeaid3z@google.pl,Male,155.248.6.97
145,Emmy,Treby,etreby40@who.int,Male,207.167.1.205
146,Raynell,Instone,rinstone41@bing.com,Agender,105.118.7.198
147,Jody,Nutten,jnutten42@indiatimes.com,Male,192.78.246.118
148,Laverne,Salleir,lsalleir43@discuz.net,Female,205.36.200.13
149,Sal,Delnevo,sdelnevo44@pbs.org,Male,32.145.43.99
150,Kristofer,Rosenthaler,krosenthaler45@acquirethisname.com,Male,20.201.173.140
151,Hildegarde,Snoday,hsnoday46@merriam-webster.com,Female,130.188.78.211
152,Horst,Jendrich,hjendrich47@icq.com,Male,210.167.224.186
153,Pincus,Naptine,pnaptine48@homestead.com,Male,243.104.247.3
154,Nevin,Schlag,nschlag49@home.pl,Male,118.4.36.10
155,Tabb,Jochanany,tjochanany4a@php.net,Male,231.239.125.192
156,Miguela,Barsham,mbarsham4b@nationalgeographic.com,Female,21.93.103.31
157,Chic,Jesty,cjesty4c@patch.com,Male,47.31.30.207
158,Preston,Jerrim,pjerrim4d@nymag.com,Male,195.80.186.242
159,Querida,Corballis,qcorballis4e@epa.gov,Female,20.163.239.136
160,Sheila-kathryn,Meller,smeller4f@archive.org,Bigender,34.84.206.165
161,Fran,Dulanty,fdulanty4g@usa.gov,Male,70.159.43.226
162,Dermot,Faulkes,dfaulkes4h@hhs.gov,Male,45.130.248.225
163,Aurelia,Ashling,aashling4i@cafepress.com,Female,248.144.127.165
164,Cate,Hearthfield,chearthfield4j@chicagotribune.com,Female,187.129.91.73
165,Eden,Brackenridge,ebrackenridge4k@ca.gov,Female,199.249.123.9
166,Farrand,Trivett,ftrivett4l@telegraph.co.uk,Genderqueer,3.189.210.195
167,Blaire,Cadell,bcadell4m@ezinearticles.com,Female,125.244.178.217
168,Tootsie,Mortlock,tmortlock4n@hao123.com,Female,16.106.69.114
169,Milka,Bohike,mbohike4o@dell.com,Female,127.62.233.79
170,Sydney,Cornish,scornish4p@prweb.com,Male,210.177.84.214
171,Lanie,Edgeller,ledgeller4q@buzzfeed.com,Female,116.149.111.108
172,Esme,Bowsher,ebowsher4r@spotify.com,Male,164.103.124.231
173,Candie,Garci,cgarci4s@pen.io,Female,230.84.241.143
174,Omar,Brabender,obrabender4t@salon.com,Male,169.212.14.81
175,Tyson,Collelton,tcollelton4u@blog.com,Agender,15.242.145.58
176,Miltie,Wakley,mwakley4v@cnet.com,Male,2.131.133.156
177,Ellen,Rablan,erablan4w@vkontakte.ru,Female,157.166.160.191
178,Edward,Stoodale,estoodale4x@tinypic.com,Male,70.153.236.189
179,Cyril,Pigne,cpigne4y@cnbc.com,Male,169.4.167.216
180,Eberhard,Venton,eventon4z@google.pl,Male,154.68.158.198
181,Indira,Cicchinelli,icicchinelli50@webeden.co.uk,Female,184.184.161.110
182,Abraham,Foakes,afoakes51@fda.gov,Male,233.191.202.234
183,Lanna,Wagenen,lwagenen52@myspace.com,Female,22.173.149.127
184,Merilee,McPhate,mmcphate53@nsw.gov.au,Female,211.225.31.81
185,Yorke,Ascraft,yascraft54@engadget.com,Male,242.38.198.149
186,Corissa,Galliver,cgalliver55@blinklist.com,Non-binary,56.130.232.121
187,Chiarra,Laborda,claborda56@goo.ne.jp,Female,215.89.87.141
188,Josh,Muldownie,jmuldownie57@smh.com.au,Male,110.33.18.237
189,Elysee,Ettery,eettery58@china.com.cn,Female,84.31.112.138
190,Vernor,De la Feld,vdelafeld59@spotify.com,Male,122.21.99.196
191,Judy,Digg,jdigg5a@shop-pro.jp,Female,131.8.43.151
192,Betsy,Shiell,bshiell5b@sourceforge.net,Female,75.61.204.80
193,Nicol,Berndt,nberndt5c@hatena.ne.jp,Female,164.32.12.42
194,Evvy,Eayrs,eeayrs5d@webeden.co.uk,Non-binary,31.204.109.133
195,Iseabal,Drayton,idrayton5e@google.ru,Female,222.251.68.116
196,Sandor,Minchi,sminchi5f@spotify.com,Male,55.113.204.252
197,Alie,Minshaw,aminshaw5g@instagram.com,Female,217.64.145.156
198,Brandon,Wigfall,bwigfall5h@dagondesign.com,Male,30.70.233.163
199,Ilka,Ealden,iealden5i@networksolutions.com,Female,156.176.168.130
200,Barron,Vedyaev,bvedyaev5j@huffingtonpost.com,Male,151.112.160.117
201,Brena,Hailston,bhailston5k@ed.gov,Female,82.159.247.176
202,Isa,Grossman,igrossman5l@cnet.com,Female,35.225.99.47
203,Vladimir,Birrane,vbirrane5m@accuweather.com,Male,218.7.242.220
204,Willy,Dyton,wdyton5n@icq.com,Female,163.70.114.21
205,Valentina,Zoren,vzoren5o@ameblo.jp,Female,39.51.78.175
206,Sheilakathryn,Chastan,schastan5p@flickr.com,Female,119.171.92.73
207,Aristotle,Howard - Gater,ahowardgater5q@amazon.co.jp,Male,134.23.221.138
208,Alyson,O'Reilly,aoreilly5r@theatlantic.com,Female,201.69.33.255
209,Belva,Rathke,brathke5s@so-net.ne.jp,Agender,173.48.136.103
210,Pauli,Neath,pneath5t@phoca.cz,Polygender,98.177.91.42
211,Denni,Bushaway,dbushaway5u@google.com,Polygender,133.131.2.211
212,Steffi,Benardet,sbenardet5v@blog.com,Bigender,154.243.25.165
213,Brod,Merfin,bmerfin5w@ebay.co.uk,Male,214.197.175.16
214,Reagen,Joseland,rjoseland5x@taobao.com,Male,148.215.15.124
215,Marianna,Ledward,mledward5y@google.nl,Female,194.237.228.129
216,Nero,Rae,nrae5z@comsenz.com,Male,124.81.91.166
217,Briant,Gourlie,bgourlie60@gravatar.com,Male,147.245.27.141
218,Genvieve,Scough,gscough61@nhs.uk,Female,97.45.190.222
219,Tabitha,Chivers,tchivers62@rediff.com,Female,219.68.138.94
220,Jewel,Kellen,jkellen63@nationalgeographic.com,Female,62.252.44.18
221,Rufe,Moule,rmoule64@who.int,Male,44.246.62.182
222,Geoffrey,McReynolds,gmcreynolds65@wordpress.org,Male,42.38.122.147
223,Bevin,Coote,bcoote66@cmu.edu,Male,254.53.185.77
224,Sandy,Porrett,sporrett67@wikipedia.org,Female,120.37.215.123
225,Alberto,Toxell,atoxell68@cafepress.com,Male,158.61.228.87
226,Olenolin,Povele,opovele69@disqus.com,Polygender,119.132.140.2
227,Merrile,Dorr,mdorr6a@phpbb.com,Female,200.121.18.130
228,Elga,Saphin,esaphin6b@nsw.gov.au,Female,73.113.229.203
229,Dodie,Breston,dbreston6c@springer.com,Female,42.213.85.123
230,Leena,Kennagh,lkennagh6d@washingtonpost.com,Female,98.190.87.199
231,Nanny,Glader,nglader6e@nationalgeographic.com,Female,117.148.168.66
232,Franky,Attewell,fattewell6f@elegantthemes.com,Non-binary,20.106.169.169
233,Jone,Shirrell,jshirrell6g@photobucket.com,Male,246.72.23.46
234,Mirna,Soutter,msoutter6h@shutterfly.com,Female,210.230.206.187
235,Sonny,Ary,sary6i@t-online.de,Male,210.211.165.254
236,Sacha,Winborn,swinborn6j@t.co,Female,102.151.197.255
237,Barbi,Kiefer,bkiefer6k@cocolog-nifty.com,Polygender,2.79.241.86
238,Alwin,Good,agood6l@multiply.com,Male,250.194.136.36
239,Chicky,Hallaways,challaways6m@ftc.gov,Female,132.173.26.168
240,Herman,Owenson,howenson6n@bizjournals.com,Male,138.42.13.187
241,Temple,Domingues,tdomingues6o@go.com,Male,150.223.182.56
242,Sindee,Ackers,sackers6p@webs.com,Female,35.113.126.170
243,Lorraine,Human,lhuman6q@kickstarter.com,Female,142.210.55.223
244,Audie,Tither,atither6r@elpais.com,Female,189.27.152.42
245,Maxim,Waggatt,mwaggatt6s@amazon.de,Male,143.167.42.75
246,Berta,Semor,bsemor6t@xrea.com,Female,246.187.225.76
247,Jefferey,Casey,jcasey6u@deviantart.com,Male,108.53.241.241
248,Malissa,Everex,meverex6v@theguardian.com,Female,159.149.129.165
249,Maryjane,Ruddin,mruddin6w@ftc.gov,Female,195.5.100.8
250,Adolphe,Wressell,awressell6x@amazon.co.jp,Male,60.19.33.220
251,Martica,Rigby,mrigby6y@wikispaces.com,Agender,136.101.163.193
252,Romain,MacSween,rmacsween6z@slate.com,Non-binary,225.76.15.142
253,Erwin,Bodman,ebodman70@gov.uk,Male,150.235.244.252
254,Adara,Ong,aong71@nhs.uk,Female,131.113.55.98
255,Hyacinthia,Wermerling,hwermerling72@yale.edu,Female,178.184.175.83
256,Brittani,Flude,bflude73@typepad.com,Female,11.241.20.22
257,Seward,Battie,sbattie74@java.com,Male,178.84.156.243
258,Kimberley,Hedaux,khedaux75@infoseek.co.jp,Female,3.56.191.0
259,Jacynth,Speake,jspeake76@cloudflare.com,Female,167.151.118.60
260,Hayward,Stearley,hstearley77@goodreads.com,Male,70.120.171.217
261,Webb,Kinnar,wkinnar78@pagesperso-orange.fr,Male,112.223.136.64
262,Budd,Michieli,bmichieli79@columbia.edu,Male,44.178.121.161
263,Vally,Anstis,vanstis7a@goo.ne.jp,Female,172.118.202.254
264,Elita,Kleisle,ekleisle7b@netlog.com,Female,17.119.37.117
265,Adeline,L'argent,alargent7c@nytimes.com,Female,222.184.116.51
266,Winn,Bradmore,wbradmore7d@mapquest.com,Male,60.32.31.176
267,Sebastiano,Dunthorn,sdunthorn7e@eepurl.com,Male,32.32.92.138
268,Bobby,Livens,blivens7f@360.cn,Male,71.200.134.10
269,Wyatt,Coopland,wcoopland7g@usda.gov,Male,69.46.30.77
270,Alair,Ramel,aramel7h@tiny.cc,Male,113.91.117.219
271,Chan,Gargett,cgargett7i@opensource.org,Male,132.33.67.178
272,Basile,Chastand,bchastand7j@virginia.edu,Male,180.165.37.53
273,Delphinia,Falkous,dfalkous7k@histats.com,Female,182.64.189.251
274,Isador,Dudley,idudley7l@yale.edu,Male,137.174.203.79
275,Foster,O'Fogerty,fofogerty7m@state.gov,Male,35.97.191.102
276,Iona,O'Dunneen,iodunneen7n@wufoo.com,Female,142.243.91.212
277,Chev,Phillps,cphillps7o@washingtonpost.com,Male,111.151.88.189
278,Dalton,Willshee,dwillshee7p@ovh.net,Male,72.2.125.165
279,Gwendolin,Venes,gvenes7q@lulu.com,Female,254.127.165.19
280,Bab,Toye,btoye7r@home.pl,Female,215.77.170.18
281,Reade,Romer,rromer7s@cbslocal.com,Male,217.8.88.52
282,Lotte,Hovard,lhovard7t@w3.org,Female,88.82.251.69
283,Guthry,Battaille,gbattaille7u@photobucket.com,Male,30.12.201.170
284,Kirsteni,Alsop,kalsop7v@deviantart.com,Female,57.80.136.117
285,Nanon,Harbard,nharbard7w@gizmodo.com,Agender,221.164.59.94
286,Ardyth,Vardy,avardy7x@scientificamerican.com,Female,183.248.96.72
287,Desiree,Ugoletti,dugoletti7y@businesswire.com,Female,242.52.249.151
288,Gran,Castella,gcastella7z@infoseek.co.jp,Male,147.13.204.171
289,Erl,Trim,etrim80@ow.ly,Male,140.224.82.193
290,Tabbie,Dudmesh,tdudmesh81@google.com.br,Male,140.89.197.17
291,Clarinda,Mahmood,cmahmood82@xing.com,Female,246.77.190.231
292,Tyler,Gerritsma,tgerritsma83@1und1.de,Male,66.210.39.62
293,Aila,Naris,anaris84@toplist.cz,Female,206.11.153.82
294,Udell,Gorst,ugorst85@examiner.com,Male,125.21.81.176
295,Oswald,Mahmood,omahmood86@mit.edu,Male,166.151.98.153
296,Marin,Wildin,mwildin87@ow.ly,Female,142.49.112.66
297,Pinchas,Button,pbutton88@google.ru,Male,240.28.98.129
298,Lesya,Deaville,ldeaville89@surveymonkey.com,Female,158.39.89.206
299,Joleen,Lutwidge,jlutwidge8a@gov.uk,Bigender,136.61.37.213
300,Blakelee,Ings,bings8b@soup.io,Female,121.188.125.160
301,Malanie,Lynde,mlynde8c@blinklist.com,Female,29.21.199.24
302,Lizzy,Hollibone,lhollibone8d@samsung.com,Female,85.225.101.245
303,Sigmund,Cocks,scocks8e@twitter.com,Male,72.146.60.125
304,Michael,Roggieri,mroggieri8f@cyberchimps.com,Non-binary,191.231.209.116
305,Derrek,Nolte,dnolte8g@slideshare.net,Male,33.8.242.26
306,Sheelah,Noe,snoe8h@home.pl,Female,53.50.200.9
307,Carlin,Mairs,cmairs8i@state.tx.us,Female,108.231.26.102
308,Humbert,Giddons,hgiddons8j@ebay.co.uk,Male,84.143.71.17
309,Delilah,Zapatero,dzapatero8k@guardian.co.uk,Female,254.104.188.105
310,Cheston,Perigo,cperigo8l@friendfeed.com,Male,126.212.208.167
311,Pietro,Ainge,painge8m@army.mil,Polygender,198.56.250.58
312,Lazar,O'Hederscoll,lohederscoll8n@tripadvisor.com,Male,82.60.71.111
313,Nolana,Bissatt,nbissatt8o@weather.com,Female,69.248.220.57
314,Starr,Comport,scomport8p@ocn.ne.jp,Female,212.173.124.208
315,Laney,Mc Elory,lmcelory8q@dyndns.org,Female,121.16.3.137
316,Penni,Dunkley,pdunkley8r@privacy.gov.au,Agender,108.62.83.185
317,Poppy,Grube,pgrube8s@infoseek.co.jp,Female,118.73.102.100
318,Evey,Habberjam,ehabberjam8t@home.pl,Female,197.170.199.222
319,Emylee,Etter,eetter8u@google.ru,Female,116.110.10.180
320,Giustina,Paddick,gpaddick8v@alibaba.com,Female,218.135.243.204
321,Dave,Bernardy,dbernardy8w@telegraph.co.uk,Bigender,236.66.93.32
322,Benton,Hurley,bhurley8x@umich.edu,Male,114.98.108.148
323,Torre,Elster,telster8y@studiopress.com,Male,205.60.224.227
324,Vanni,Bound,vbound8z@free.fr,Female,56.150.96.172
325,Burtie,Ings,bings90@arstechnica.com,Male,104.46.59.17
326,Roger,Ivanin,rivanin91@booking.com,Male,254.140.142.221
327,Rosalynd,Gosnell,rgosnell92@nps.gov,Female,65.64.211.112
328,Grete,Lovett,glovett93@csmonitor.com,Female,161.64.224.203
329,Kirby,Borrell,kborrell94@webs.com,Female,186.100.1.29
330,Darci,Shilstone,dshilstone95@npr.org,Female,169.196.208.70
331,Ebba,Berndtsson,eberndtsson96@usda.gov,Female,234.19.175.253
332,Ailey,Luff,aluff97@multiply.com,Female,63.6.174.242
333,Lindsey,Kubiczek,lkubiczek98@wiley.com,Agender,50.200.142.155
334,Marylynne,Totton,mtotton99@aol.com,Polygender,32.180.110.2
335,Linet,Millberg,lmillberg9a@altervista.org,Female,9.164.96.119
336,Haleigh,Zapatero,hzapatero9b@bing.com,Male,234.156.18.55
337,Terrence,Huntingford,thuntingford9c@quantcast.com,Polygender,24.6.97.120
338,Theobald,Larrad,tlarrad9d@wikipedia.org,Male,80.187.65.192
339,Charyl,Foldes,cfoldes9e@joomla.org,Bigender,194.217.230.186
340,Almire,Leek,aleek9f@aol.com,Female,59.194.113.190
341,Thea,Lamswood,tlamswood9g@cornell.edu,Female,37.228.111.238
342,Kimmi,Reiners,kreiners9h@adobe.com,Agender,157.154.45.10
343,Emiline,Keith,ekeith9i@twitpic.com,Female,188.117.233.241
344,Angy,Chown,achown9j@chron.com,Female,114.232.215.1
345,Fabien,Beniesh,fbeniesh9k@discuz.net,Male,104.188.99.127
346,Alexandros,Brockton,abrockton9l@liveinternet.ru,Male,235.254.193.124
347,Hebert,Ollie,hollie9m@scientificamerican.com,Male,51.205.253.202
348,Moss,Blum,mblum9n@ustream.tv,Male,113.130.172.251
349,Moore,Simcoe,msimcoe9o@webmd.com,Male,239.181.149.113
350,Yank,MacKim,ymackim9p@wisc.edu,Male,44.165.173.101
351,Ugo,Haibel,uhaibel9q@about.me,Male,219.246.11.79
352,Mallory,Hallad,mhallad9r@hatena.ne.jp,Male,79.90.105.18
353,Donal,Neely,dneely9s@simplemachines.org,Male,199.104.158.243
354,Baryram,Lamonby,blamonby9t@sohu.com,Polygender,54.221.81.41
355,Raphael,Le - Count,rlecount9u@harvard.edu,Male,143.117.174.123
356,Nancy,Doble,ndoble9v@gizmodo.com,Female,178.207.120.167
357,Auria,Paul,apaul9w@dedecms.com,Genderqueer,3.91.181.18
358,Joceline,McClaren,jmcclaren9x@businessinsider.com,Female,139.121.187.171
359,Helyn,Battie,hbattie9y@shinystat.com,Female,48.122.193.15
360,Rogerio,Stavers,rstavers9z@github.com,Male,191.30.162.6
361,Tally,Hyndley,thyndleya0@yahoo.com,Female,228.14.25.140
362,Maud,Chainey,mchaineya1@alexa.com,Female,193.67.242.121
363,Maire,Elkington,melkingtona2@cornell.edu,Female,191.159.29.47
364,Saundra,Stranieri,sstranieria3@free.fr,Male,156.124.25.245
365,Franny,Faireclough,ffaireclougha4@google.nl,Genderfluid,94.136.19.62
366,Elfrida,Legges,eleggesa5@yahoo.com,Female,197.75.223.177
367,Artair,Test,atesta6@mediafire.com,Male,20.120.107.68
368,Bailie,Denisovich,bdenisovicha7@purevolume.com,Male,154.176.206.179
369,Toby,Scurrell,tscurrella8@nsw.gov.au,Male,195.166.179.175
370,Daniel,Iacovo,diacovoa9@alexa.com,Male,121.253.252.186
371,Mose,Miranda,mmirandaaa@wikipedia.org,Male,83.208.194.129
372,Callean,O'Caine,cocaineab@addthis.com,Male,254.211.138.181
373,Yevette,Barnbrook,ybarnbrookac@pagesperso-orange.fr,Female,233.156.224.80
374,Jonell,A'field,jafieldad@cornell.edu,Female,161.235.63.26
375,Janie,Helliar,jhelliarae@example.com,Female,198.87.75.63
376,Quintin,Pococke,qpocockeaf@mapy.cz,Male,173.142.183.236
377,Bessy,Pulham,bpulhamag@canalblog.com,Female,211.148.253.186
378,Janka,Dommerque,jdommerqueah@ning.com,Genderqueer,19.201.124.34
379,Rafael,Pittendreigh,rpittendreighai@elpais.com,Male,120.136.226.24
380,Sollie,Castanares,scastanaresaj@sfgate.com,Male,170.117.7.111
381,Lenore,Udie,ludieak@comcast.net,Female,224.225.112.45
382,Skipton,Follacaro,sfollacaroal@senate.gov,Male,228.9.192.193
383,Zarla,McGinnis,zmcginnisam@apple.com,Female,214.67.139.46
384,Marilin,Jadczak,mjadczakan@ustream.tv,Female,201.91.8.114
385,Tamara,Slowley,tslowleyao@prnewswire.com,Female,173.80.132.90
386,Berkley,Collinson,bcollinsonap@netvibes.com,Male,219.153.254.8
387,Isa,Divis,idivisaq@dailymotion.com,Male,105.181.9.220
388,Cristie,Mayler,cmaylerar@washingtonpost.com,Female,245.184.3.45
389,Teressa,Jacmard,tjacmardas@microsoft.com,Female,191.24.12.82
390,Steffen,Greally,sgreallyat@squarespace.com,Male,200.242.86.65
391,Abeu,Maltby,amaltbyau@jugem.jp,Male,176.111.226.254
392,Bronnie,Dudley,bdudleyav@privacy.gov.au,Male,176.78.211.84
393,Janeva,Pinock,jpinockaw@lycos.com,Female,173.132.234.192
394,Evonne,Axston,eaxstonax@state.tx.us,Female,247.40.55.29
395,Caye,Adamov,cadamovay@usatoday.com,Non-binary,50.205.188.234
396,Gregoire,Pyser,gpyseraz@huffingtonpost.com,Male,238.185.216.244
397,Wini,Deegin,wdeeginb0@noaa.gov,Female,91.104.125.199
398,Christoffer,Gallihaulk,cgallihaulkb1@tinyurl.com,Male,170.41.17.234
399,Ferdinand,Olivet,folivetb2@buzzfeed.com,Male,9.129.206.164
400,Brook,Thorneley,bthorneleyb3@webnode.com,Male,154.195.207.145
401,Kip,Sircombe,ksircombeb4@squarespace.com,Male,62.245.86.3
402,Kinnie,Strangeway,kstrangewayb5@google.nl,Non-binary,161.131.233.155
403,Gabrielle,Celand,gcelandb6@senate.gov,Polygender,47.239.46.241
404,Hermon,Connerry,hconnerryb7@lycos.com,Male,217.114.138.167
405,Leonanie,Loomis,lloomisb8@amazon.de,Female,149.51.239.5
406,Felisha,Hartigan,fhartiganb9@blogs.com,Bigender,187.238.170.53
407,Raychel,Fryatt,rfryattba@instagram.com,Female,124.176.203.170
408,Maurizio,Bucham,mbuchambb@vinaora.com,Male,146.241.213.217
409,Shermie,Burbury,sburburybc@twitter.com,Male,1.212.144.53
410,Farr,Amiable,famiablebd@themeforest.net,Male,68.192.49.157
411,Elke,Dargie,edargiebe@de.vu,Female,23.32.99.180
412,Webster,McDuffie,wmcduffiebf@mozilla.org,Male,200.4.12.206
413,Simeon,Wyman,swymanbg@lulu.com,Male,76.206.21.246
414,Thorny,Garoghan,tgaroghanbh@quantcast.com,Male,45.67.80.149
415,Georgiana,Gegay,ggegaybi@networksolutions.com,Female,231.104.130.146
416,Edi,Weedenburg,eweedenburgbj@themeforest.net,Female,0.38.50.121
417,Piotr,De Carteret,pdecarteretbk@joomla.org,Male,146.93.7.92
418,Leela,MacCafferky,lmaccafferkybl@alibaba.com,Female,248.24.198.111
419,Adara,Ateggart,aateggartbm@icq.com,Female,153.65.66.40
420,Debbi,Debenham,ddebenhambn@ebay.co.uk,Female,7.157.123.205
421,Gordie,Adney,gadneybo@shutterfly.com,Male,161.52.33.245
422,Miguelita,Kramer,mkramerbp@mlb.com,Female,81.141.96.221
423,Willyt,Bereford,wberefordbq@elegantthemes.com,Female,226.145.119.163
424,Daisey,Welbrock,dwelbrockbr@unicef.org,Female,162.88.153.212
425,Shawnee,Chatt,schattbs@infoseek.co.jp,Polygender,18.219.8.230
426,Hillard,Skeermer,hskeermerbt@bluehost.com,Male,99.112.135.83
427,Lesley,Wardrop,lwardropbu@storify.com,Male,53.188.198.159
428,Mechelle,Stonhewer,mstonhewerbv@deliciousdays.com,Female,32.35.2.17
429,Garrick,Goundsy,ggoundsybw@google.com,Non-binary,231.38.197.253
430,Odie,Hanratty,ohanrattybx@tuttocitta.it,Male,249.68.156.193
431,Faber,Rean,freanby@soundcloud.com,Male,89.132.43.230
432,Odette,Bottrill,obottrillbz@themeforest.net,Female,139.109.164.245
433,Fabio,Wenham,fwenhamc0@berkeley.edu,Male,88.217.15.110
434,Pamelina,Grimditch,pgrimditchc1@slate.com,Female,168.69.196.88
435,Andromache,Ellen,aellenc2@hp.com,Polygender,216.31.82.37
436,Rance,Helgass,rhelgassc3@xrea.com,Male,166.253.73.248
437,Nerte,Cuffe,ncuffec4@japanpost.jp,Female,175.83.236.135
438,Nobe,Brumble,nbrumblec5@hostgator.com,Genderqueer,168.28.248.158
439,Effie,McKellen,emckellenc6@smugmug.com,Genderqueer,204.241.110.223
440,Claude,Halfpenny,chalfpennyc7@live.com,Female,238.235.1.112
441,Garret,Dewey,gdeweyc8@unblog.fr,Male,55.23.248.121
442,Carree,Baillie,cbailliec9@narod.ru,Female,32.194.88.140
443,Rosella,Grayshan,rgrayshanca@canalblog.com,Female,244.14.159.199
444,Romeo,Woollard,rwoollardcb@issuu.com,Genderqueer,150.86.204.62
445,Bendite,Exell,bexellcc@sciencedaily.com,Female,36.157.49.72
446,Anica,Wadly,awadlycd@alibaba.com,Polygender,179.248.204.54
447,Dale,Diggle,ddigglece@tmall.com,Male,204.228.103.56
448,Leela,McLernon,lmclernoncf@oakley.com,Female,139.165.56.210
449,Florida,Bottelstone,fbottelstonecg@ehow.com,Female,223.83.105.100
450,Esther,Kayes,ekayesch@purevolume.com,Female,40.243.195.0
451,Dot,Jacqueminet,djacqueminetci@lulu.com,Female,177.251.64.177
452,Jenica,Aaron,jaaroncj@baidu.com,Female,146.239.223.191
453,Helyn,Folcarelli,hfolcarellick@weebly.com,Genderqueer,81.107.146.227
454,Germana,Brugsma,gbrugsmacl@marketwatch.com,Female,70.164.66.18
455,Winnah,Yglesias,wyglesiascm@topsy.com,Female,221.103.184.141
456,Waneta,Ebenezer,webenezercn@toplist.cz,Female,204.196.79.93
457,Sianna,Acosta,sacostaco@sphinn.com,Female,76.14.58.14
458,Luce,Longo,llongocp@ebay.co.uk,Genderfluid,11.211.57.81
459,Dinah,Mabbett,dmabbettcq@jiathis.com,Female,193.91.149.54
460,Karlan,Brentnall,kbrentnallcr@slashdot.org,Male,6.159.58.73
461,Rachele,Larmouth,rlarmouthcs@skyrock.com,Female,180.144.42.210
462,Belle,Gatty,bgattyct@amazon.co.uk,Female,56.31.236.38
463,Gilbert,Schouthede,gschouthedecu@weather.com,Male,4.246.78.103
464,Meggy,Matussov,mmatussovcv@diigo.com,Female,117.246.73.34
465,Ulrica,Beazey,ubeazeycw@exblog.jp,Female,71.22.144.221
466,Kaye,Mooring,kmooringcx@parallels.com,Female,25.72.120.26
467,Armand,Sedgemore,asedgemorecy@google.com.hk,Male,156.40.115.71
468,Angeli,Rich,arichcz@drupal.org,Male,156.39.170.212
469,Ianthe,Flori,iflorid0@ucsd.edu,Female,153.43.97.231
470,Stanislaus,Winterton,swintertond1@dion.ne.jp,Male,131.224.163.190
471,Dylan,Primak,dprimakd2@cyberchimps.com,Genderfluid,157.64.189.232
472,Chloris,Howler,chowlerd3@xrea.com,Female,116.30.209.77
473,Bruno,Leyden,bleydend4@cdc.gov,Male,198.116.143.138
474,Jeff,Scullard,jscullardd5@forbes.com,Male,220.183.230.42
475,Juliane,Wagnerin,jwagnerind6@hostgator.com,Female,140.6.166.143
476,Gregor,Vice,gviced7@theglobeandmail.com,Male,44.123.249.34
477,Ryan,Yakunchikov,ryakunchikovd8@webnode.com,Male,255.129.42.235
478,Ealasaid,Bleacher,ebleacherd9@biglobe.ne.jp,Female,92.237.42.7
479,Hunfredo,Sivil,hsivilda@japanpost.jp,Male,184.109.54.67
480,Emelina,Pine,epinedb@typepad.com,Female,102.122.13.200
481,Gray,Fausch,gfauschdc@yellowbook.com,Female,205.144.215.176
482,Shayne,Gilfoyle,sgilfoyledd@oracle.com,Polygender,212.99.233.122
483,Hollis,Doull,hdoullde@theatlantic.com,Polygender,253.145.71.51
484,Evanne,Bartoszek,ebartoszekdf@vistaprint.com,Female,166.5.33.161
485,Eveline,McTaggart,emctaggartdg@mapquest.com,Non-binary,137.218.123.40
486,Newton,Craw,ncrawdh@cam.ac.uk,Agender,220.182.102.239
487,Krishnah,Remnant,kremnantdi@soup.io,Male,206.255.212.134
488,Tirrell,Solano,tsolanodj@sciencedirect.com,Male,220.254.172.117
489,Oby,Bend,obenddk@fda.gov,Male,161.187.194.234
490,Ettie,Chesney,echesneydl@java.com,Female,6.107.245.102
491,Bevin,Kornalik,bkornalikdm@dropbox.com,Polygender,181.210.117.64
492,Hussein,Eingerfield,heingerfielddn@mlb.com,Male,162.90.111.190
493,Thalia,Ilett,tilettdo@imgur.com,Female,171.102.114.233
494,Granger,Bown,gbowndp@blogger.com,Male,1.94.63.254
495,Leticia,Burnsell,lburnselldq@indiatimes.com,Female,35.38.163.126
496,Dana,Twoohy,dtwoohydr@businessinsider.com,Male,184.125.114.181
497,Octavia,Buddleigh,obuddleighds@ftc.gov,Female,224.165.54.114
498,Audry,Nys,anysdt@skype.com,Female,179.23.232.211
499,Kikelia,McLeish,kmcleishdu@narod.ru,Female,167.71.198.152
500,Clem,Quibell,cquibelldv@ifeng.com,Male,61.124.110.22
501,Jenni,Cabbell,jcabbelldw@mtv.com,Female,91.149.20.52
502,Joshuah,Bertolaccini,jbertolaccinidx@sbwire.com,Male,83.57.174.126
503,Kahaleel,Barnby,kbarnbydy@odnoklassniki.ru,Male,182.62.59.39
504,Ignaz,Sliney,islineydz@vinaora.com,Male,168.126.159.152
505,Simona,Twiddle,stwiddlee0@bigcartel.com,Genderfluid,44.82.4.171
506,Jaquenetta,Wanden,jwandene1@ox.ac.uk,Female,16.158.151.201
507,Jordanna,Berthon,jberthone2@etsy.com,Female,5.125.197.87
508,Shurwood,MacClure,smaccluree3@slate.com,Male,205.211.203.66
509,Scotty,O'Heffernan,soheffernane4@mapquest.com,Male,8.243.153.166
510,Frannie,Bithell,fbithelle5@usnews.com,Genderqueer,25.49.81.186
511,Dacie,Raddenbury,draddenburye6@tamu.edu,Female,119.8.27.97
512,Rubi,Pethick,rpethicke7@ebay.com,Female,248.176.120.193
513,Arney,Cone,aconee8@symantec.com,Male,199.29.128.117
514,Cathlene,Cogan,ccogane9@cnn.com,Female,94.129.156.83
515,Jorry,Masser,jmasserea@indiegogo.com,Female,113.96.20.236
516,Si,Andresser,sandressereb@squarespace.com,Male,87.177.95.15
517,Indira,Ivie,iivieec@prlog.org,Female,136.251.201.187
518,Monroe,Rowden,mrowdened@rakuten.co.jp,Male,156.152.122.186
519,Amory,Curd,acurdee@bizjournals.com,Male,219.181.88.3
520,Isaiah,Beavon,ibeavonef@hexun.com,Genderqueer,160.71.51.153
521,Chaddie,Readett,creadetteg@theguardian.com,Male,18.40.182.60
522,Waylin,Goodinge,wgoodingeeh@tamu.edu,Genderfluid,77.93.29.175
523,Rosamond,Storrs,rstorrsei@printfriendly.com,Female,104.185.211.119
524,Ezequiel,Norcock,enorcockej@360.cn,Male,47.191.200.139
525,Curtis,Plan,cplanek@digg.com,Male,166.107.37.6
526,Fawn,Kasperski,fkasperskiel@g.co,Female,255.153.195.40
527,Nikoletta,Jakaway,njakawayem@mail.ru,Female,20.219.190.166
528,Ugo,Emps,uempsen@imdb.com,Male,45.63.199.55
529,Claudian,Killcross,ckillcrosseo@vinaora.com,Male,145.81.93.96
530,Vanna,Santora,vsantoraep@fastcompany.com,Female,213.237.105.121
531,Barth,O'Garmen,bogarmeneq@addtoany.com,Male,222.72.132.66
532,Olva,Loughman,oloughmaner@google.de,Female,37.229.127.228
533,Evvy,Beaument,ebeaumentes@google.cn,Female,175.144.17.56
534,Gilberte,Drysdale,gdrysdaleet@barnesandnoble.com,Female,233.231.132.189
535,Bartlet,Pill,bpilleu@blogspot.com,Male,189.179.26.212
536,Karlen,Stuchbery,kstuchberyev@mac.com,Female,182.150.231.199
537,Brant,Whitington,bwhitingtonew@ihg.com,Male,36.189.174.76
538,Berkley,Kirman,bkirmanex@bing.com,Male,40.98.32.22
539,Donavon,Brisse,dbrisseey@clickbank.net,Male,234.81.172.135
540,Ninetta,Burbage,nburbageez@odnoklassniki.ru,Polygender,75.243.156.24
541,Tammie,Ivashnyov,tivashnyovf0@geocities.jp,Female,77.190.22.240
542,Sheff,Magauran,smagauranf1@goodreads.com,Male,51.69.184.18
543,Jessika,Brient,jbrientf2@utexas.edu,Female,107.199.152.17
544,Marlee,Ben,mbenf3@constantcontact.com,Female,255.3.120.68
545,Niall,Luckie,nluckief4@zdnet.com,Male,210.128.200.209
546,Mohammed,Hartfield,mhartfieldf5@angelfire.com,Male,55.141.4.134
547,Michele,Livezey,mlivezeyf6@guardian.co.uk,Female,18.148.32.210
548,Willis,MacFie,wmacfief7@fema.gov,Male,229.193.5.68
549,Mehetabel,Pengilly,mpengillyf8@sun.com,Female,227.24.250.200
550,Averil,Quarrington,aquarringtonf9@xinhuanet.com,Male,97.36.204.162
551,Eunice,Lilloe,elilloefa@mediafire.com,Female,250.31.229.240
552,Laina,Pauls,lpaulsfb@free.fr,Female,64.172.30.136
553,Leontyne,Timpany,ltimpanyfc@nationalgeographic.com,Female,54.149.167.132
554,Gwenora,Hammett,ghammettfd@accuweather.com,Female,207.52.235.113
555,Ode,Steel,osteelfe@webs.com,Male,162.214.240.198
556,Phillida,Rance,pranceff@oracle.com,Female,171.18.154.204
557,Mellisent,Springate,mspringatefg@geocities.jp,Female,127.253.71.111
558,Curtice,Fobidge,cfobidgefh@w3.org,Male,137.85.58.144
559,Farrell,Ferrarese,fferraresefi@wikia.com,Male,93.44.153.40
560,Kayle,Bernardes,kbernardesfj@cocolog-nifty.com,Female,252.203.92.135
561,Betsy,Heffer,bhefferfk@odnoklassniki.ru,Female,23.227.173.156
562,Mort,Fincham,mfinchamfl@clickbank.net,Male,128.206.20.252
563,Alvan,Copo,acopofm@un.org,Male,115.98.95.158
564,Maje,Dyton,mdytonfn@about.com,Polygender,89.17.253.86
565,Jeremias,McCarry,jmccarryfo@mozilla.com,Male,236.167.115.236
566,Bord,Liveley,bliveleyfp@taobao.com,Male,28.86.92.139
567,Aaron,Stockbridge,astockbridgefq@virginia.edu,Male,228.28.124.151
568,Zedekiah,Tolley,ztolleyfr@seesaa.net,Male,86.229.234.30
569,Veronike,Hearsum,vhearsumfs@etsy.com,Female,47.227.107.147
570,Genna,Paskerful,gpaskerfulft@shareasale.com,Genderqueer,188.15.219.201
571,Norman,Ell,nellfu@squarespace.com,Male,107.225.177.54
572,Cilka,Schrinel,cschrinelfv@nih.gov,Female,207.147.77.118
573,Daniella,McGilben,dmcgilbenfw@indiegogo.com,Female,215.191.162.179
574,Pernell,Shekle,psheklefx@simplemachines.org,Male,1.161.108.245
575,Orelee,Martusewicz,omartusewiczfy@wisc.edu,Female,40.97.66.63
576,Ashley,Rajchert,arajchertfz@mapquest.com,Male,116.200.42.52
577,Mada,Dundendale,mdundendaleg0@nydailynews.com,Female,175.71.195.3
578,Court,Habberjam,chabberjamg1@vistaprint.com,Polygender,179.114.203.201
579,Sigismond,Colnet,scolnetg2@oaic.gov.au,Male,119.76.217.168
580,Bjorn,Harriott,bharriottg3@scientificamerican.com,Male,217.120.47.97
581,Linzy,MacKonochie,lmackonochieg4@arstechnica.com,Female,208.163.112.207
582,Stacee,Quilkin,squilking5@vk.com,Male,148.134.100.176
583,Elinore,Avrahamov,eavrahamovg6@nba.com,Female,228.243.195.124
584,Harley,Debnam,hdebnamg7@phoca.cz,Female,1.244.47.110
585,Nikolaos,Claire,nclaireg8@imdb.com,Male,109.180.56.117
586,Teodorico,Stephens,tstephensg9@tripod.com,Male,102.205.247.137
587,Esmeralda,Bremeyer,ebremeyerga@posterous.com,Female,255.126.66.128
588,Fayette,Reasun,freasungb@yahoo.com,Female,252.131.122.3
589,Cindra,Manntschke,cmanntschkegc@lulu.com,Female,247.170.145.3
590,Nichole,Brisley,nbrisleygd@abc.net.au,Male,19.68.168.175
591,Tudor,Dimond,tdimondge@netlog.com,Male,153.17.195.248
592,Kirstin,Orfeur,korfeurgf@gov.uk,Female,183.101.54.84
593,Emmit,Persian,epersiangg@census.gov,Bigender,19.31.161.89
594,Garth,Noriega,gnoriegagh@earthlink.net,Male,241.48.102.240
595,Kaylee,Barnson,kbarnsongi@jimdo.com,Agender,79.187.107.157
596,Diahann,Horburgh,dhorburghgj@spotify.com,Female,121.217.157.106
597,Guss,Huckett,ghuckettgk@facebook.com,Male,237.248.227.206
598,Halli,Jevon,hjevongl@dailymotion.com,Female,7.75.83.131
599,Chantalle,Widdows,cwiddowsgm@umn.edu,Female,211.240.126.114
600,Rudolph,Hourihane,rhourihanegn@auda.org.au,Male,161.149.53.4
601,Ferd,Parncutt,fparncuttgo@unblog.fr,Male,68.90.144.18
602,Zolly,Wheater,zwheatergp@princeton.edu,Male,150.183.81.135
603,Malissia,Bastie,mbastiegq@mozilla.org,Female,74.199.73.87
604,Melosa,Bromhead,mbromheadgr@unc.edu,Female,175.236.131.155
605,Zonda,Floch,zflochgs@netscape.com,Female,136.17.157.231
606,Kaleb,MacAllaster,kmacallastergt@abc.net.au,Male,216.89.62.39
607,Berni,Neale,bnealegu@google.ru,Female,238.155.26.167
608,Emmett,Beauchamp,ebeauchampgv@usa.gov,Male,152.214.222.183
609,Candida,Scottesmoor,cscottesmoorgw@dailymotion.com,Female,57.250.27.98
610,Barbaraanne,Vasiliev,bvasilievgx@diigo.com,Female,238.32.39.67
611,Bartholomeus,Whitman,bwhitmangy@businessweek.com,Male,43.45.202.2
612,Corinne,Lawling,clawlinggz@amazonaws.com,Female,9.40.13.223
613,Juana,Have,jhaveh0@cnet.com,Polygender,232.173.145.209
614,Hercules,Cheshir,hcheshirh1@jugem.jp,Male,211.173.20.152
615,Kimmy,Vatcher,kvatcherh2@taobao.com,Female,179.138.142.90
616,Gardy,Kennally,gkennallyh3@lulu.com,Male,199.16.188.93
617,Deeann,Cleall,dcleallh4@nytimes.com,Female,235.245.249.47
618,Boniface,Condie,bcondieh5@gnu.org,Male,133.23.183.129
619,Mildred,Goodwell,mgoodwellh6@wp.com,Female,112.141.225.31
620,Fee,Keel,fkeelh7@1und1.de,Male,179.36.168.15
621,Gar,Perel,gperelh8@wufoo.com,Male,20.168.196.8
622,Conn,Clearie,cclearieh9@e-recht24.de,Male,65.141.52.92
623,Bartholemy,Enoksson,benokssonha@naver.com,Male,67.163.217.246
624,Rhodie,Brychan,rbrychanhb@google.fr,Female,163.19.192.223
625,Faber,Stalf,fstalfhc@chicagotribune.com,Male,95.242.235.158
626,Ham,Laverenz,hlaverenzhd@ustream.tv,Male,145.168.27.247
627,Clary,Anthonies,canthonieshe@google.com,Female,15.18.152.88
628,Marena,Bordone,mbordonehf@so-net.ne.jp,Female,242.23.6.35
629,Evangelia,Undrell,eundrellhg@wikipedia.org,Female,106.229.49.161
630,Skipp,Cobleigh,scobleighhh@state.gov,Male,180.182.56.177
631,Field,McCaughran,fmccaughranhi@lulu.com,Male,144.231.63.158
632,Ricoriki,Bantick,rbantickhj@gmpg.org,Male,51.170.86.179
633,Judi,Striker,jstrikerhk@netlog.com,Female,206.138.244.202
634,Herman,Fairey,hfaireyhl@nih.gov,Male,111.118.66.114
635,Birdie,Flacke,bflackehm@qq.com,Female,229.196.208.13
636,Seumas,Keiling,skeilinghn@furl.net,Male,186.106.5.178
637,Brander,Smowton,bsmowtonho@google.fr,Male,177.221.110.120
638,Ingaberg,Osman,iosmanhp@globo.com,Female,26.1.180.139
639,Donaugh,Bedells,dbedellshq@edublogs.org,Male,150.188.61.67
640,Dell,Munden,dmundenhr@uiuc.edu,Male,235.46.11.16
641,Jody,Levet,jleveths@redcross.org,Female,22.42.133.84
642,Mellisa,Dibdin,mdibdinht@cloudflare.com,Agender,227.114.84.253
643,Devlin,Darrell,ddarrellhu@go.com,Male,192.251.174.16
644,Annadiane,Ollcott,aollcotthv@woothemes.com,Female,100.191.138.36
645,Eugene,Titchard,etitchardhw@themeforest.net,Male,214.62.87.223
646,Mercie,Reedie,mreediehx@census.gov,Genderfluid,89.65.128.152
647,Chad,Lemarie,clemariehy@opera.com,Female,164.132.38.141
648,Arleen,Luchelli,aluchellihz@1688.com,Female,49.62.237.102
649,Miquela,Greeves,mgreevesi0@sciencedirect.com,Polygender,48.124.104.187
650,Allx,Conibeer,aconibeeri1@jugem.jp,Female,22.69.129.231
651,Zita,Bozier,zbozieri2@jigsy.com,Female,12.142.177.113
652,Hunter,Uglow,huglowi3@columbia.edu,Male,56.110.221.31
653,Mela,Knapton,mknaptoni4@timesonline.co.uk,Non-binary,163.10.33.54
654,Jarid,Akhurst,jakhursti5@opensource.org,Male,159.221.150.123
655,Fifi,Nobbs,fnobbsi6@bigcartel.com,Female,67.72.190.216
656,Kali,Tompkin,ktompkini7@mail.ru,Female,213.81.229.21
657,Hadley,McCulley,hmcculleyi8@fastcompany.com,Male,172.239.99.122
658,Gabe,Le Blond,gleblondi9@altervista.org,Male,140.131.91.104
659,Lynda,Landeg,llandegia@youtube.com,Female,171.120.188.222
660,Olive,Victoria,ovictoriaib@cmu.edu,Female,242.153.99.248
661,Dav,Carefull,dcarefullic@networkadvertising.org,Male,185.108.107.29
662,Justin,Lamont,jlamontid@aboutads.info,Male,182.9.74.225
663,Lazar,Plant,lplantie@indiatimes.com,Male,52.63.193.186
664,Fayre,Dommersen,fdommersenif@cbc.ca,Female,182.18.94.88
665,Kay,Bette,kbetteig@weebly.com,Female,121.240.42.194
666,See,Doneld,sdoneldih@blinklist.com,Male,13.138.69.240
667,Zane,Fordyce,zfordyceii@yellowbook.com,Male,60.178.33.69
668,Maddy,Mavin,mmavinij@google.fr,Male,233.241.138.56
669,Bing,Cousans,bcousansik@typepad.com,Male,37.79.3.235
670,Elli,Upson,eupsonil@360.cn,Female,87.109.149.212
671,Georgetta,Cambling,gcamblingim@domainmarket.com,Female,62.174.0.0
672,Berne,Rackam,brackamin@google.com.hk,Male,135.244.56.66
673,Monika,Britzius,mbritziusio@marriott.com,Female,161.91.172.121
674,Baxie,Gillespie,bgillespieip@hugedomains.com,Polygender,139.177.57.36
675,Victoir,Fitzsymon,vfitzsymoniq@geocities.com,Male,159.193.204.179
676,Menard,Gehring,mgehringir@amazon.com,Male,204.178.63.177
677,Katina,Siddele,ksiddeleis@oakley.com,Female,166.20.131.146
678,Marylynne,Filyashin,mfilyashinit@parallels.com,Female,157.182.135.25
679,Augy,Stroban,astrobaniu@yale.edu,Male,202.173.251.121
680,Lowe,Suero,lsueroiv@webnode.com,Male,31.210.202.66
681,Delmer,Kilfeather,dkilfeatheriw@mashable.com,Male,181.252.26.189
682,Benyamin,Ioannidis,bioannidisix@cpanel.net,Male,40.98.194.180
683,Goraud,Tewnion,gtewnioniy@ow.ly,Male,183.125.110.18
684,Inez,McCourt,imccourtiz@php.net,Female,70.114.222.157
685,Antonius,Free,afreej0@harvard.edu,Male,177.156.59.169
686,Jeffy,D'Errico,jderricoj1@forbes.com,Male,223.64.168.139
687,Sherry,Calvert,scalvertj2@nsw.gov.au,Female,78.102.108.148
688,Catha,Brambley,cbrambleyj3@t.co,Female,249.247.78.42
689,Cornela,Strete,cstretej4@cbsnews.com,Female,121.72.129.151
690,Kandace,Alpine,kalpinej5@go.com,Female,38.158.238.190
691,Heath,Brumpton,hbrumptonj6@spotify.com,Female,36.94.50.159
692,Tobe,Norman,tnormanj7@infoseek.co.jp,Female,28.93.129.227
693,Allyce,Shavel,ashavelj8@skyrock.com,Female,70.57.47.63
694,Aylmar,Pach,apachj9@aboutads.info,Male,72.220.35.167
695,Ulberto,Ramard,uramardja@blogger.com,Male,45.108.188.105
696,Arney,Offiler,aoffilerjb@google.pl,Agender,128.118.181.218
697,Sibeal,Lowre,slowrejc@meetup.com,Female,163.128.170.68
698,Wash,Sleigh,wsleighjd@seesaa.net,Male,160.105.172.17
699,Gottfried,Piel,gpielje@wix.com,Male,240.52.73.236
700,Batholomew,Carnie,bcarniejf@latimes.com,Male,127.229.242.36
701,Ansley,Muglestone,amuglestonejg@ibm.com,Female,143.230.48.100
702,Delainey,Jurgenson,djurgensonjh@reverbnation.com,Male,64.237.177.131
703,Davon,Biggadyke,dbiggadykeji@eepurl.com,Male,244.210.120.250
704,Gardiner,Lloyd,glloydjj@desdev.cn,Male,94.81.252.42
705,Sheffy,Larking,slarkingjk@unc.edu,Male,40.216.58.50
706,Ruttger,Gillson,rgillsonjl@hhs.gov,Genderqueer,89.0.47.162
707,Shane,Kits,skitsjm@ucoz.ru,Male,207.48.40.220
708,Padraig,Bradbeer,pbradbeerjn@ftc.gov,Male,194.137.17.116
709,Ardis,Flannery,aflanneryjo@deliciousdays.com,Female,95.48.219.208
710,Reina,Sindle,rsindlejp@t-online.de,Female,135.45.98.191
711,Angelique,Fishbourn,afishbournjq@joomla.org,Female,19.159.93.63
712,Timmy,Langstaff,tlangstaffjr@friendfeed.com,Male,196.230.193.219
713,Vinson,Brayson,vbraysonjs@hao123.com,Male,180.227.227.47
714,Delano,Bussell,dbusselljt@rediff.com,Male,1.52.100.185
715,Duffy,Masterton,dmastertonju@delicious.com,Polygender,197.178.5.145
716,Vivien,Haslen,vhaslenjv@ucsd.edu,Genderfluid,74.69.159.243
717,Latrena,Chittock,lchittockjw@nsw.gov.au,Agender,119.218.126.238
718,Dory,Crop,dcropjx@mozilla.com,Female,26.199.36.111
719,Chalmers,Dryden,cdrydenjy@patch.com,Male,200.81.10.114
720,Nicol,Warlawe,nwarlawejz@zdnet.com,Female,149.50.32.47
721,Duff,Gairdner,dgairdnerk0@google.es,Male,241.220.70.96
722,Josi,Edmands,jedmandsk1@fc2.com,Female,221.109.17.15
723,Annabela,Tabourin,atabourink2@si.edu,Female,19.165.113.67
724,Gar,Banck,gbanckk3@miitbeian.gov.cn,Male,87.88.152.194
725,Jerald,Trenbey,jtrenbeyk4@pcworld.com,Male,147.143.184.121
726,Kira,Harradence,kharradencek5@dion.ne.jp,Female,181.219.158.54
727,Sara,Artin,sartink6@auda.org.au,Genderfluid,196.92.126.243
728,Mead,Housbie,mhousbiek7@ebay.co.uk,Male,140.221.212.168
729,Franciska,Alben,falbenk8@netscape.com,Female,96.35.160.37
730,Charisse,Sapena,csapenak9@springer.com,Female,131.69.43.157
731,Annabal,Beardmore,abeardmoreka@cpanel.net,Female,255.42.21.47
732,Phyllys,Collibear,pcollibearkb@usa.gov,Female,112.158.9.86
733,Rosamund,Tremmil,rtremmilkc@jiathis.com,Female,23.242.229.140
734,Teddie,Fergie,tfergiekd@paginegialle.it,Male,2.48.23.11
735,Fabian,MacDonogh,fmacdonoghke@washingtonpost.com,Male,247.255.8.253
736,Trent,Sutherington,tsutheringtonkf@house.gov,Male,131.50.30.218
737,Harlene,Ekell,hekellkg@washington.edu,Female,120.139.8.14
738,Bibby,Pasquale,bpasqualekh@google.ru,Female,9.36.99.216
739,Ciel,Paulmann,cpaulmannki@yellowpages.com,Genderfluid,4.195.22.91
740,Teodorico,Bednell,tbednellkj@answers.com,Male,250.189.55.77
741,Devin,Andrysiak,dandrysiakkk@cnet.com,Female,17.193.238.186
742,Rhetta,Mew,rmewkl@guardian.co.uk,Female,35.34.99.136
743,Berk,Edsell,bedsellkm@canalblog.com,Male,106.241.154.27
744,Chan,Cottom,ccottomkn@dion.ne.jp,Male,213.178.51.197
745,Hamil,Mackriell,hmackriellko@feedburner.com,Male,53.127.12.117
746,Allie,Rambadt,arambadtkp@usa.gov,Polygender,121.86.180.193
747,Iago,Jills,ijillskq@theatlantic.com,Non-binary,144.154.144.37
748,Lauren,Iddens,liddenskr@angelfire.com,Male,76.178.179.16
749,Jyoti,Dannel,jdannelks@sciencedaily.com,Female,208.80.182.249
750,Xylia,Heavy,xheavykt@fema.gov,Female,93.92.166.176
751,Hermy,Baudts,hbaudtsku@japanpost.jp,Male,72.50.210.239
752,Beau,MacDwyer,bmacdwyerkv@imageshack.us,Male,197.38.35.29
753,Kristian,Drury,kdrurykw@desdev.cn,Male,142.142.39.250
754,Consuelo,Charlot,ccharlotkx@time.com,Female,187.46.132.66
755,Katherine,Aldine,kaldineky@xing.com,Female,226.193.131.8
756,Chaddie,Gaythor,cgaythorkz@liveinternet.ru,Male,190.157.23.226
757,Georgia,Kildea,gkildeal0@icio.us,Female,12.195.76.250
758,Bastian,McGillreich,bmcgillreichl1@godaddy.com,Male,3.229.31.30
759,Paulita,Wooddisse,pwooddissel2@wisc.edu,Female,11.59.216.84
760,Edmund,Ulyet,eulyetl3@mit.edu,Male,3.193.250.167
761,Andriette,Astie,aastiel4@yelp.com,Female,150.127.186.3
762,Lloyd,Carley,lcarleyl5@youtube.com,Male,48.29.192.237
763,Devan,Jacobs,djacobsl6@mozilla.com,Female,218.16.27.236
764,Garrett,McMahon,gmcmahonl7@cam.ac.uk,Male,5.164.15.83
765,Koralle,Soppit,ksoppitl8@shutterfly.com,Female,180.170.73.133
766,Dede,Seeks,dseeksl9@sakura.ne.jp,Genderfluid,0.46.75.90
767,Shell,Pretsell,spretsellla@taobao.com,Male,109.232.169.22
768,Inness,Wyeth,iwyethlb@blog.com,Bigender,29.212.122.106
769,Bertie,Jerzykiewicz,bjerzykiewiczlc@t.co,Female,66.215.207.169
770,Emery,Bone,eboneld@ox.ac.uk,Male,190.226.236.212
771,Ulises,Riggott,uriggottle@xrea.com,Male,215.144.130.30
772,Gunner,O'Currine,gocurrinelf@blogspot.com,Male,111.101.243.172
773,Wat,Winsper,wwinsperlg@meetup.com,Male,150.203.63.44
774,Zacherie,Mingotti,zmingottilh@issuu.com,Male,178.127.242.233
775,Hinda,McGonagle,hmcgonagleli@ebay.co.uk,Female,36.180.134.202
776,Grove,Labro,glabrolj@newsvine.com,Male,189.106.124.220
777,Doloritas,Studde,dstuddelk@cargocollective.com,Female,253.119.154.177
778,Norby,Ambrosoni,nambrosonill@wufoo.com,Male,29.42.243.145
779,Rayner,Timny,rtimnylm@parallels.com,Male,152.240.109.57
780,Emelia,Lokier,elokierln@latimes.com,Female,117.114.201.58
781,Luce,Beckinsale,lbeckinsalelo@xrea.com,Female,33.70.34.28
782,Colet,Karlik,ckarliklp@deviantart.com,Male,132.216.248.204
783,Augustus,Viveash,aviveashlq@miibeian.gov.cn,Male,126.188.74.34
784,Fowler,Tull,ftulllr@discovery.com,Male,179.120.148.135
785,Loralie,Delete,ldeletels@digg.com,Female,20.84.240.29
786,Michele,Awton,mawtonlt@a8.net,Agender,142.80.208.153
787,Riane,Dobble,rdobblelu@dell.com,Female,196.35.167.179
788,Teresina,Hellmer,thellmerlv@360.cn,Female,124.62.190.32
789,June,Simonyi,jsimonyilw@redcross.org,Female,25.7.253.89
790,Andree,Pogosian,apogosianlx@goodreads.com,Female,53.45.219.195
791,Tom,Jotham,tjothamly@bloglines.com,Male,215.112.246.82
792,Farrel,Whistan,fwhistanlz@yellowpages.com,Male,135.166.173.242
793,Beau,Folder,bfolderm0@addtoany.com,Male,70.148.235.45
794,Jermaine,Gomm,jgommm1@tripadvisor.com,Female,203.143.155.246
795,Walther,Swanson,wswansonm2@google.com,Male,132.58.166.172
796,Marquita,Audley,maudleym3@nymag.com,Female,200.155.43.59
797,Mara,Lobe,mlobem4@cnbc.com,Female,7.23.75.114
798,Northrop,Guiett,nguiettm5@google.com.au,Male,167.42.80.100
799,Honor,Coffelt,hcoffeltm6@howstuffworks.com,Female,125.115.214.163
800,Brendan,Hriinchenko,bhriinchenkom7@fotki.com,Male,61.118.6.135
801,Loleta,Kilfether,lkilfetherm8@berkeley.edu,Female,5.60.250.64
802,Marysa,Bartoszewicz,mbartoszewiczm9@facebook.com,Female,54.246.16.61
803,Darcy,Tessyman,dtessymanma@dedecms.com,Male,91.184.67.88
804,Arlen,Hare,aharemb@go.com,Female,104.90.52.161
805,Alina,Linnell,alinnellmc@shareasale.com,Polygender,93.84.232.60
806,Deana,Tick,dtickmd@posterous.com,Female,165.90.1.81
807,Bondie,Nisuis,bnisuisme@sakura.ne.jp,Polygender,144.128.14.11
808,Leontine,Hugonneau,lhugonneaumf@lycos.com,Female,25.131.67.115
809,Mile,Allender,mallendermg@go.com,Male,83.202.87.252
810,Kristan,Trengove,ktrengovemh@ed.gov,Female,190.247.174.255
811,Angelica,Bache,abachemi@earthlink.net,Female,87.125.215.0
812,Craig,Dmitr,cdmitrmj@rediff.com,Male,77.23.196.15
813,Gavra,Mortel,gmortelmk@typepad.com,Female,181.2.156.175
814,Rube,Locker,rlockerml@usda.gov,Male,77.200.196.85
815,Gunner,Leeburn,gleeburnmm@hibu.com,Male,167.92.1.146
816,Allin,Lamond,alamondmn@paypal.com,Male,141.59.158.117
817,Susanna,Rosensaft,srosensaftmo@wikispaces.com,Female,161.172.117.151
818,Elisha,Moine,emoinemp@yellowbook.com,Male,207.227.111.5
819,Erastus,McWilliams,emcwilliamsmq@furl.net,Male,14.207.145.84
820,Toddy,Wickey,twickeymr@yelp.com,Male,211.77.109.185
821,Claudian,McBrearty,cmcbreartyms@w3.org,Male,78.148.54.88
822,Gardner,Slaymaker,gslaymakermt@yandex.ru,Male,207.252.161.146
823,Katrinka,Porte,kportemu@theglobeandmail.com,Genderqueer,103.220.137.181
824,Broderick,Toffanini,btoffaninimv@telegraph.co.uk,Male,196.116.192.178
825,Lilith,Senton,lsentonmw@cocolog-nifty.com,Female,163.227.1.207
826,Carlie,Showalter,cshowaltermx@cbc.ca,Male,164.25.47.108
827,Robinette,Hynde,rhyndemy@washingtonpost.com,Female,182.72.96.89
828,Roi,Gellan,rgellanmz@about.com,Male,230.42.64.107
829,Mufi,Starkie,mstarkien0@paypal.com,Female,142.1.245.118
830,Ange,Van der Daal,avanderdaaln1@about.me,Male,138.84.121.222
831,Ettie,Damper,edampern2@oracle.com,Female,106.107.219.229
832,Tessie,Briars,tbriarsn3@hp.com,Female,125.203.115.136
833,Zedekiah,Spurrett,zspurrettn4@cpanel.net,Male,221.21.124.16
834,Feliks,Dreus,fdreusn5@ovh.net,Male,6.120.38.209
835,Ofelia,Giorgeschi,ogiorgeschin6@samsung.com,Female,70.158.115.140
836,Nanine,Georgiades,ngeorgiadesn7@livejournal.com,Polygender,163.166.124.47
837,Kiele,De la Yglesias,kdelayglesiasn8@typepad.com,Non-binary,225.239.141.145
838,Jeni,Housegoe,jhousegoen9@elegantthemes.com,Female,29.78.4.114
839,Mycah,Gowdie,mgowdiena@washington.edu,Male,132.163.212.51
840,Reggie,Heditch,rheditchnb@is.gd,Female,210.41.192.38
841,Rosemarie,Poor,rpoornc@berkeley.edu,Female,65.4.32.64
842,Hephzibah,Dedden,hdeddennd@qq.com,Female,194.85.25.217
843,Carlynn,Iglesias,ciglesiasne@netvibes.com,Female,41.173.41.154
844,Harlene,Eastwell,heastwellnf@google.co.uk,Female,158.10.120.97
845,Jo-ann,Postians,jpostiansng@geocities.com,Female,192.63.168.108
846,Cori,Dunniom,cdunniomnh@slashdot.org,Female,150.125.165.161
847,Jacques,Permain,jpermainni@dot.gov,Male,201.146.215.244
848,Maddie,Iskowitz,miskowitznj@sourceforge.net,Male,156.167.164.1
849,Cissy,Currier,ccurriernk@discovery.com,Female,21.64.94.22
850,Clementia,Parren,cparrennl@cloudflare.com,Female,31.171.65.242
851,Ashbey,Moodycliffe,amoodycliffenm@1und1.de,Male,186.72.52.111
852,Othello,Cowper,ocowpernn@smh.com.au,Male,44.132.169.14
853,Gaspar,Balsdon,gbalsdonno@mapquest.com,Male,227.19.120.191
854,Mitzi,Human,mhumannp@nifty.com,Genderfluid,205.82.182.174
855,Rorie,Francescuccio,rfrancescuccionq@domainmarket.com,Female,207.251.14.81
856,Farrell,Deporte,fdeportenr@ibm.com,Male,170.107.27.236
857,Carissa,Garretson,cgarretsonns@list-manage.com,Female,231.136.134.146
858,Anjanette,Aronson,aaronsonnt@merriam-webster.com,Female,24.241.115.202
859,Dixie,Stonhard,dstonhardnu@flickr.com,Female,254.59.244.189
860,Owen,Dudgeon,odudgeonnv@canalblog.com,Genderqueer,43.8.112.232
861,Amata,Kingswoode,akingswoodenw@google.es,Female,53.39.249.230
862,Camellia,Hewins,chewinsnx@exblog.jp,Female,49.59.38.78
863,Celestina,Edgerly,cedgerlyny@wikispaces.com,Female,9.126.185.166
864,Celia,Luce,clucenz@un.org,Female,176.216.241.230
865,Fern,Caslane,fcaslaneo0@last.fm,Female,168.148.211.118
866,Benedetto,Fellgatt,bfellgatto1@timesonline.co.uk,Male,204.195.40.135
867,Orly,Minigo,ominigoo2@theguardian.com,Female,72.35.235.172
868,Joana,Bovaird,jbovairdo3@google.com.au,Female,245.121.141.204
869,Meris,Cristofanini,mcristofaninio4@census.gov,Female,169.69.188.150
870,Gabriello,Rowantree,growantreeo5@sina.com.cn,Male,101.13.104.215
871,Josie,Lowrance,jlowranceo6@smh.com.au,Female,89.191.91.25
872,Timothee,Senyard,tsenyardo7@indiegogo.com,Male,219.255.6.134
873,Diane-marie,Barbara,dbarbarao8@photobucket.com,Female,239.29.81.71
874,Catie,Cage,ccageo9@mtv.com,Female,87.150.49.237
875,Ardenia,Hasell,ahaselloa@dyndns.org,Female,5.37.219.9
876,Nathan,Poyser,npoyserob@ameblo.jp,Male,72.159.55.29
877,Agustin,Lawrey,alawreyoc@constantcontact.com,Male,207.7.34.14
878,Piotr,Westcot,pwestcotod@deviantart.com,Male,68.73.212.214
879,Derk,Hamblett,dhamblettoe@state.tx.us,Male,134.29.192.71
880,Marion,Giampietro,mgiampietroof@dagondesign.com,Female,25.199.44.211
881,Martino,Sisnett,msisnettog@patch.com,Male,122.32.211.137
882,Gillan,Joliffe,gjoliffeoh@chronoengine.com,Female,164.44.103.238
883,Mareah,Couchman,mcouchmanoi@dmoz.org,Female,69.140.224.200
884,Pippo,Pitcock,ppitcockoj@blinklist.com,Male,94.151.146.50
885,Sashenka,Ragate,sragateok@hao123.com,Female,154.78.198.3
886,Arthur,Prator,apratorol@a8.net,Genderqueer,151.203.243.246
887,Balduin,Cogle,bcogleom@a8.net,Male,162.11.243.221
888,Joell,Leblanc,jleblancon@answers.com,Female,5.67.225.120
889,Erroll,Connue,econnueoo@free.fr,Male,33.49.249.252
890,Jarrett,Draysay,jdraysayop@sfgate.com,Male,231.255.150.122
891,Aubert,Tenny,atennyoq@weebly.com,Male,236.71.72.237
892,Beau,MacGee,bmacgeeor@nhs.uk,Male,192.98.114.91
893,Shelly,Pleven,splevenos@aboutads.info,Non-binary,30.149.142.56
894,Fabe,Errichi,ferrichiot@w3.org,Male,34.33.200.147
895,Berton,Ockenden,bockendenou@tumblr.com,Male,194.83.38.43
896,Drusie,Braunfeld,dbraunfeldov@go.com,Female,248.81.28.43
897,Garner,Confait,gconfaitow@bandcamp.com,Male,229.23.49.37
898,Robinson,Gayle,rgayleox@t.co,Male,236.24.95.136
899,Otto,Massei,omasseioy@ed.gov,Male,185.135.155.187
900,Cam,Chicco,cchiccooz@baidu.com,Female,113.71.220.178
901,Lorenzo,Birtchnell,lbirtchnellp0@tuttocitta.it,Male,115.143.229.91
902,Merwyn,Goodbanne,mgoodbannep1@a8.net,Male,50.205.6.227
903,Tibold,Cleiment,tcleimentp2@skype.com,Male,4.234.64.60
904,Phylis,Grindley,pgrindleyp3@aboutads.info,Female,193.181.147.144
905,Klemens,Spindler,kspindlerp4@amazon.com,Male,139.208.82.217
906,Delia,Keoghan,dkeoghanp5@smugmug.com,Female,144.35.212.79
907,Gavan,Sturror,gsturrorp6@istockphoto.com,Male,48.199.218.245
908,Blair,Larmor,blarmorp7@pagesperso-orange.fr,Female,159.196.113.253
909,Hirsch,Goodbairn,hgoodbairnp8@buzzfeed.com,Male,152.213.121.113
910,Quintilla,Espley,qespleyp9@washingtonpost.com,Female,168.119.236.245
911,Broderick,Pinnijar,bpinnijarpa@wordpress.com,Male,225.154.156.4
912,Petr,Coldham,pcoldhampb@wix.com,Male,192.36.168.168
913,Pace,Rowen,prowenpc@trellian.com,Male,35.103.187.131
914,Kayle,Kiggel,kkiggelpd@google.es,Female,136.164.95.206
915,Bili,Fancet,bfancetpe@dedecms.com,Female,19.198.207.160
916,Con,Vittel,cvittelpf@behance.net,Female,54.19.171.31
917,Cleopatra,Willavoys,cwillavoyspg@gizmodo.com,Female,34.85.14.181
918,Sande,Negro,snegroph@indiatimes.com,Female,120.25.41.105
919,Anastassia,Hutten,ahuttenpi@ca.gov,Agender,9.65.202.3
920,Miguelita,Prestner,mprestnerpj@over-blog.com,Female,17.39.90.152
921,Gale,Moughton,gmoughtonpk@time.com,Female,103.21.108.243
922,Cristen,Prebble,cprebblepl@sciencedirect.com,Genderqueer,189.228.203.243
923,Napoleon,Scrimshaw,nscrimshawpm@cdbaby.com,Male,33.174.230.69
924,Verna,McDuall,vmcduallpn@nasa.gov,Genderfluid,3.175.102.153
925,Berky,Bestiman,bbestimanpo@wiley.com,Genderfluid,232.167.89.156
926,Merissa,Cutress,mcutresspp@ning.com,Agender,115.167.8.136
927,Salvatore,Ormesher,sormesherpq@rediff.com,Male,108.222.75.182
928,Eli,Linton,elintonpr@ucla.edu,Male,175.198.64.34
929,Esta,Espinazo,eespinazops@paginegialle.it,Female,202.101.183.166
930,Reeta,Marshland,rmarshlandpt@utexas.edu,Female,103.115.110.66
931,Archer,Withrington,awithringtonpu@list-manage.com,Male,60.238.72.55
932,Alena,Fulop,afuloppv@twitpic.com,Female,32.103.236.73
933,Kristina,Molian,kmolianpw@theglobeandmail.com,Female,172.122.52.194
934,Clotilda,Misselbrook,cmisselbrookpx@hugedomains.com,Female,31.88.248.30
935,Ralf,Demkowicz,rdemkowiczpy@wikipedia.org,Male,126.177.176.251
936,Therine,Grumble,tgrumblepz@bluehost.com,Female,13.13.240.226
937,Lonny,Manderson,lmandersonq0@apple.com,Male,55.184.1.121
938,Heath,Gilchrist,hgilchristq1@miibeian.gov.cn,Female,189.141.117.82
939,Myrtle,Borrie,mborrieq2@livejournal.com,Female,114.174.23.122
940,Bailey,Twyning,btwyningq3@gravatar.com,Male,250.19.243.123
941,Fern,Lepper,flepperq4@youtu.be,Female,129.117.45.3
942,Danni,Malacrida,dmalacridaq5@unc.edu,Female,70.241.80.224
943,Hill,Blader,hbladerq6@xing.com,Male,32.148.76.20
944,Agnola,Cosgreave,acosgreaveq7@imdb.com,Female,225.44.5.229
945,Daune,Plaschke,dplaschkeq8@shop-pro.jp,Female,116.186.254.220
946,Lorrie,Stears,lstearsq9@1688.com,Male,213.173.20.242
947,Marcelo,Kitchingman,mkitchingmanqa@fema.gov,Male,35.251.22.206
948,Laina,Arnal,larnalqb@prlog.org,Female,93.33.248.242
949,Alli,Shelliday,ashellidayqc@plala.or.jp,Female,30.4.193.26
950,Harper,Venable,hvenableqd@ameblo.jp,Male,255.213.250.24
951,Eugenius,Parradine,eparradineqe@seattletimes.com,Genderfluid,62.26.17.218
952,Christopher,Zettoi,czettoiqf@cbsnews.com,Male,44.172.0.67
953,Catriona,Folli,cfolliqg@senate.gov,Female,32.208.223.220
954,Harwilll,McFarlane,hmcfarlaneqh@businessinsider.com,Male,25.181.90.104
955,Alfred,Romain,aromainqi@mayoclinic.com,Male,88.205.92.97
956,Abdel,Quick,aquickqj@smh.com.au,Male,128.62.234.157
957,Candis,Poyzer,cpoyzerqk@chron.com,Female,114.204.196.233
958,Taddeo,Crick,tcrickql@alibaba.com,Male,102.246.212.221
959,Vanya,Mobius,vmobiusqm@ebay.com,Bigender,34.143.184.76
960,Barn,Escofier,bescofierqn@yandex.ru,Male,168.56.209.22
961,Nerita,McQuade,nmcquadeqo@amazon.com,Genderqueer,159.59.22.90
962,Corry,Stent,cstentqp@dailymail.co.uk,Non-binary,76.177.75.221
963,Bette-ann,Heminsley,bheminsleyqq@google.co.jp,Female,149.54.238.9
964,Vasilis,Mutter,vmutterqr@smugmug.com,Male,70.240.20.247
965,Caril,MacCurtain,cmaccurtainqs@last.fm,Female,151.155.70.216
966,Beatriz,Jaggi,bjaggiqt@hhs.gov,Female,40.7.160.90
967,Robbie,Drable,rdrablequ@theguardian.com,Male,189.50.4.137
968,Pennie,Hughesdon,phughesdonqv@creativecommons.org,Female,69.89.155.188
969,Lawton,Boundey,lboundeyqw@hostgator.com,Male,16.241.123.150
970,Lillian,Aiken,laikenqx@wikipedia.org,Female,74.5.166.23
971,Ashby,Saur,asaurqy@kickstarter.com,Agender,18.132.85.10
972,Geneva,Ruddom,gruddomqz@rediff.com,Female,115.139.161.142
973,Selie,Alessandrucci,salessandruccir0@fotki.com,Female,186.92.241.219
974,Ingamar,McGahey,imcgaheyr1@eepurl.com,Male,154.188.189.13
975,Henri,Winchurst,hwinchurstr2@instagram.com,Male,60.229.126.53
976,Emmeline,Kleewein,ekleeweinr3@last.fm,Female,225.253.134.115
977,Nollie,McQuie,nmcquier4@mtv.com,Male,246.96.138.173
978,Julissa,Avesque,javesquer5@techcrunch.com,Female,62.35.224.186
979,Freddie,Kirkby,fkirkbyr6@abc.net.au,Female,165.8.166.26
980,Yuma,Mamwell,ymamwellr7@cocolog-nifty.com,Male,187.22.87.111
981,Quincey,Sage,qsager8@t.co,Male,193.244.76.190
982,Janetta,Drohun,jdrohunr9@facebook.com,Female,187.146.36.223
983,Lorie,Burril,lburrilra@123-reg.co.uk,Female,59.65.186.188
984,Alair,Silkston,asilkstonrb@fda.gov,Male,70.174.196.39
985,Brigid,McElmurray,bmcelmurrayrc@123-reg.co.uk,Female,189.28.76.66
986,Clotilda,Swaile,cswailerd@squarespace.com,Female,1.118.56.193
987,Devi,Yurov,dyurovre@delicious.com,Genderfluid,59.153.252.132
988,Renato,McArd,rmcardrf@wikia.com,Male,237.114.137.212
989,Martelle,Dunphy,mdunphyrg@cpanel.net,Female,103.208.23.33
990,Eilis,Watchorn,ewatchornrh@google.de,Female,18.57.225.119
991,Arlyne,Perott,aperottri@nationalgeographic.com,Female,168.29.222.242
992,Billy,McKimmey,bmckimmeyrj@bing.com,Female,231.34.165.170
993,Perry,Oleszkiewicz,poleszkiewiczrk@sciencedirect.com,Female,120.1.149.97
994,Sawyere,Bacon,sbaconrl@blog.com,Male,112.39.29.7
995,Minna,Greenwood,mgreenwoodrm@a8.net,Bigender,139.154.232.16
996,Leonidas,Varah,lvarahrn@sun.com,Male,88.160.5.180
997,Janek,Dictus,jdictusro@joomla.org,Male,131.220.180.20
998,Elihu,Burdon,eburdonrp@nifty.com,Male,199.48.5.234
999,Nata,Barling,nbarlingrq@creativecommons.org,Female,197.243.205.59
1000,Hirsch,Boake,hboakerr@lulu.com,Male,250.150.238.94
